Timestamp,Temperature,Voltage
09:12:41.751623,294.1,-2.07094344e-06
09:12:42.321355,294.1,-2.27430936e-06
09:12:42.880122,294.1,-2.50899627e-06
09:12:43.456360,294.1,-2.30298351e-06
09:12:44.018311,294.2,-2.16711214e-06
09:12:44.587286,294.2,-2.43928433e-06
09:12:45.155831,294.2,-2.19489186e-06
09:12:45.719261,294.3,-2.39605245e-06
09:12:46.287638,294.3,-2.16621766e-06
09:12:46.857405,294.4,-1.72639946e-06
09:12:47.426162,294.5,-2.10621782e-06
09:12:47.996623,294.5,-1.93902286e-06
09:12:48.572238,294.6,-1.95887425e-06
09:12:49.145062,294.7,-1.96240339e-06
09:12:49.722188,294.7,-2.2090018e-06
09:12:50.299732,294.8,-2.09121687e-06
09:12:50.868229,294.9,-1.75814853e-06
09:12:51.440932,295.0,-2.02327514e-06
09:12:52.011812,295.1,-1.77270624e-06
09:12:52.582319,295.2,-1.97783747e-06
09:12:53.147217,295.4,-1.82299647e-06
09:12:53.720282,295.5,-1.79873241e-06
09:12:54.285848,295.6,-1.54728085e-06
09:12:54.858078,295.7,-1.57816082e-06
09:12:55.425446,295.8,-1.39905695e-06
09:12:55.988409,295.9,-1.32670957e-06
09:12:56.549489,296.1,-1.25259763e-06
09:12:57.113593,296.1,-1.5221288e-06
09:12:57.674806,296.2,-1.29582246e-06
09:12:58.234622,296.3,-1.55080309e-06
09:12:58.799014,296.4,-1.48595508e-06
09:12:59.365304,296.5,-1.13524642e-06
09:12:59.939048,296.7,-1.45683688e-06
09:13:00.514191,296.8,-8.29971283e-07
09:13:01.081222,296.9,-1.18509155e-06
09:13:01.655064,297.0,-5.27788195e-07
09:13:02.229077,297.2,-9.53932521e-07
09:13:02.808465,297.3,-7.37772356e-07
09:13:03.372129,297.4,-6.43797482e-07
09:13:03.947652,297.5,-5.9835967e-07
09:13:04.510900,297.7,-6.45120914e-07
09:13:05.071843,297.8,-6.65413529e-07
09:13:05.635821,297.8,-3.31026523e-07
09:13:06.211932,297.9,-6.69818584e-07
09:13:06.787521,298.0,-2.7940421e-07
09:13:07.363791,298.2,1.48390018e-08
09:13:07.930286,298.3,-2.62199585e-07
09:13:08.503134,298.4,-1.78056724e-08
09:13:09.068739,298.5,-1.5059009e-07
09:13:09.629682,298.7,-1.6381735e-07
09:13:10.189518,298.8,-2.54693139e-07
09:13:10.755025,298.9,2.65416351e-07
09:13:11.322296,299.0,8.05767613e-08
09:13:11.883197,299.2,1.2160321e-07
09:13:12.452794,299.3,9.86656227e-08
09:13:13.015058,299.4,4.5422913e-07
09:13:13.577255,299.4,6.77889515e-07
09:13:14.138370,299.5,5.33635184e-07
09:13:14.704981,299.7,2.56596285e-07
09:13:15.271121,299.8,7.71853345e-07
09:13:15.847093,299.9,5.68930075e-07
09:13:16.413296,300.0,5.46431686e-07
09:13:16.983556,300.1,1.05860091e-06
09:13:17.552681,300.3,8.23911827e-07
09:13:18.123936,300.4,7.86414511e-07
09:13:18.698124,300.5,8.73766215e-07
09:13:19.270550,300.6,9.09941472e-07
09:13:19.832941,300.8,1.23153631e-06
09:13:20.402220,300.9,1.27918e-06
09:13:20.983231,301.0,1.39784805e-06
09:13:21.553740,301.1,1.27697427e-06
09:13:22.122169,301.3,1.50019066e-06
09:13:22.687719,301.4,1.38813982e-06
09:13:23.258818,301.4,1.34711333e-06
09:13:23.836692,301.5,1.36167111e-06
09:13:24.414797,301.6,1.27432439e-06
09:13:24.977529,301.7,1.44373384e-06
09:13:25.538472,301.9,1.52711433e-06
09:13:26.102953,302.0,1.55711224e-06
09:13:26.669780,302.1,1.57740494e-06
09:13:27.235377,302.2,1.7732736e-06
09:13:27.798528,302.4,1.76268611e-06
09:13:28.358853,302.5,1.94752877e-06
09:13:28.923603,302.6,1.97179179e-06
09:13:29.489158,302.7,2.09266572e-06
09:13:30.049410,302.8,1.89944388e-06
09:13:30.609682,303.0,2.05913865e-06
09:13:31.173012,303.0,2.04986002e-06
09:13:31.745604,303.1,2.06485225e-06
09:13:32.324494,303.2,2.2413102e-06
09:13:32.892313,303.3,2.02647264e-06
09:13:33.455764,303.5,2.47996959e-06
09:13:34.021295,303.6,2.09396781e-06
09:13:34.582050,303.7,1.83986718e-06
09:13:35.146619,303.8,2.4155612e-06
09:13:35.714489,303.9,2.37365244e-06
09:13:36.285585,304.1,2.3339494e-06
09:13:36.852149,304.2,2.47776262e-06
09:13:37.420408,304.3,2.30218228e-06
09:13:37.998742,304.4,2.35820643e-06
09:13:38.571673,304.5,2.69391748e-06
09:13:39.151859,304.7,2.7080341e-06
09:13:39.718233,304.8,2.62642235e-06
09:13:40.290213,304.8,2.51834192e-06
09:13:40.855561,304.9,2.85052249e-06
09:13:41.423049,305.0,2.87743231e-06
09:13:41.997317,305.1,3.21049645e-06
09:13:42.565516,305.3,2.91889989e-06
09:13:43.132361,305.4,2.96566122e-06
09:13:43.702821,305.5,3.12579327e-06
09:13:44.269243,305.6,3.11785183e-06
09:13:44.831882,305.7,3.14740851e-06
09:13:45.405695,305.9,3.14917308e-06
09:13:45.971582,306.0,3.28019297e-06
09:13:46.532273,306.1,3.07814883e-06
09:13:47.102118,306.2,3.43415067e-06
09:13:47.676267,306.3,3.10638043e-06
09:13:48.236124,306.4,3.58016945e-06
09:13:48.801068,306.6,3.40327057e-06
09:13:49.371368,306.7,3.53605502e-06
09:13:49.947941,306.7,3.57046033e-06
09:13:50.528316,306.8,3.60001604e-06
09:13:51.093309,306.9,3.80073663e-06
09:13:51.666372,307.0,3.63486643e-06
09:13:52.234589,307.2,3.68648029e-06
09:13:52.801334,307.3,3.54487302e-06
09:13:53.377477,307.4,3.90086388e-06
09:13:53.951988,307.5,4.00717952e-06
09:13:54.526399,307.6,3.73278812e-06
09:13:55.091401,307.8,4.02570756e-06
09:13:55.662630,307.9,3.86027866e-06
09:13:56.229277,308.0,4.20833299e-06
09:13:56.789915,308.1,4.07863336e-06
09:13:57.363463,308.2,4.12407113e-06
09:13:57.929666,308.3,4.00893272e-06
09:13:58.496803,308.5,4.01599101e-06
09:13:59.073256,308.6,4.26170785e-06
09:13:59.645440,308.6,4.51977612e-06
09:14:00.208012,308.7,4.39757942e-06
09:14:00.778968,308.8,4.07422136e-06
09:14:01.356724,308.9,4.27053014e-06
09:14:01.924206,309.0,4.76946324e-06
09:14:02.491665,309.2,4.7425562e-06
09:14:03.073500,309.3,4.75314431e-06
09:14:03.641958,309.4,4.55154176e-06
09:14:04.211788,309.5,4.51360343e-06
09:14:04.792237,309.6,4.6565339e-06
09:14:05.355497,309.8,4.8881342e-06
09:14:05.919124,309.9,4.75667078e-06
09:14:06.487413,310.0,5.14928836e-06
09:14:07.065759,310.1,4.98518304e-06
09:14:07.631379,310.2,4.8087257e-06
09:14:08.207229,310.4,5.10340945e-06
09:14:08.782903,310.5,5.02533989e-06
09:14:09.357081,310.5,5.03328375e-06
09:14:09.932890,310.6,5.09151474e-06
09:14:10.501770,310.7,5.33590844e-06
09:14:11.086260,310.8,5.03901862e-06
09:14:11.659609,310.9,5.11974795e-06
09:14:12.230309,311.1,5.50312599e-06
09:14:12.798098,311.2,5.72105142e-06
09:14:13.371081,311.3,5.19035447e-06
09:14:13.939219,311.4,5.50886087e-06
09:14:14.501646,311.5,6.10572951e-06
09:14:15.067992,311.6,5.37961226e-06
09:14:15.632115,311.8,5.6156277e-06
09:14:16.205909,311.9,5.85296366e-06
09:14:16.775932,312.0,5.8189955e-06
09:14:17.338870,312.1,5.7453243e-06
09:14:17.901817,312.2,5.80002627e-06
09:14:18.469073,312.2,5.58563882e-06
09:14:19.035223,312.3,5.85076707e-06
09:14:19.604721,312.5,5.96325909e-06
09:14:20.180438,312.6,6.46572344e-06
09:14:20.751941,312.7,5.7065126e-06
09:14:21.318599,312.8,6.06076392e-06
09:14:21.886002,312.9,5.97871605e-06
09:14:22.456208,313.1,6.10267799e-06
09:14:23.029101,313.2,6.10356028e-06
09:14:23.606235,313.3,6.30339927e-06
09:14:24.180598,313.4,6.22046388e-06
09:14:24.762350,313.5,6.72559852e-06
09:14:25.332438,313.6,6.09078896e-06
09:14:25.903488,313.7,6.56060979e-06
09:14:26.481194,313.9,6.70442349e-06
09:14:27.050366,314.0,6.4816446e-06
09:14:27.611945,314.1,6.46003566e-06
09:14:28.186945,314.1,6.76045986e-06
09:14:28.748432,314.2,6.61267574e-06
09:14:29.317370,314.3,6.89412728e-06
09:14:29.886924,314.4,7.03838223e-06
09:14:30.447368,314.6,7.04852861e-06
09:14:31.018507,314.7,6.94795732e-06
09:14:31.588408,314.8,6.86281596e-06
09:14:32.157134,314.9,7.18529436e-06
09:14:32.724394,315.0,7.11118167e-06
09:14:33.286268,315.1,7.1641193e-06
09:14:33.847676,315.3,7.16633736e-06
09:14:34.415763,315.4,7.3295671e-06
09:14:34.997633,315.5,7.10855225e-06
09:14:35.571507,315.6,7.07943652e-06
09:14:36.143423,315.7,7.17428321e-06
09:14:36.719743,315.8,7.5744039e-06
09:14:37.286539,315.8,7.27444372e-06
09:14:37.851684,316.0,7.42840436e-06
09:14:38.422256,316.1,7.2356227e-06
09:14:38.990112,316.2,7.80426241e-06
09:14:39.563605,316.3,7.44296224e-06
09:14:40.127165,316.4,7.64193224e-06
09:14:40.689340,316.5,7.81883817e-06
09:14:41.253216,316.7,7.8664822e-06
09:14:41.815633,316.8,7.63355583e-06
09:14:42.376117,316.9,7.49282949e-06
09:14:42.945936,317.0,7.73193193e-06
09:14:43.519334,317.1,7.65739648e-06
09:14:44.099972,317.2,7.76900716e-06
09:14:44.663669,317.3,8.10516263e-06
09:14:45.233579,317.5,7.99090506e-06
09:14:45.808635,317.6,7.90708677e-06
09:14:46.388234,317.6,8.16516653e-06
09:14:46.955968,317.7,7.75931116e-06
09:14:47.521870,317.8,7.93047704e-06
09:14:48.083870,317.9,8.58999504e-06
09:14:48.656143,318.0,8.34427495e-06
09:14:49.232694,318.2,8.28339637e-06
09:14:49.807150,318.3,8.49384959e-06
09:14:50.384242,318.4,8.20974912e-06
09:14:50.951365,318.5,8.42723597e-06
09:14:51.522161,318.6,8.09416787e-06
09:14:52.096120,318.7,8.49473189e-06
09:14:52.663531,318.9,8.29270112e-06
09:14:53.230776,319.0,8.46784479e-06
09:14:53.801493,319.1,8.7043014e-06
09:14:54.373538,319.2,8.67915583e-06
09:14:54.952238,319.3,8.62886468e-06
09:14:55.524029,319.4,8.49784302e-06
09:14:56.096492,319.4,8.68182527e-06
09:14:56.666146,319.5,8.82431703e-06
09:14:57.237576,319.7,9.12077047e-06
09:14:57.813094,319.8,8.95313311e-06
09:14:58.377009,319.9,8.675208e-06
09:14:58.944606,320.0,8.92622168e-06
09:14:59.524905,320.1,8.90945764e-06
09:15:00.096634,320.2,9.04709673e-06
09:15:00.666074,320.4,8.91739836e-06
09:15:01.232357,320.5,8.99989358e-06
09:15:01.806729,320.6,9.11812203e-06
09:15:02.372968,320.7,9.33164593e-06
09:15:02.941650,320.8,9.26547327e-06
09:15:03.515947,320.9,9.19003643e-06
09:15:04.091346,321.0,9.17900765e-06
09:15:04.652761,321.2,9.22047585e-06
09:15:05.215695,321.2,9.32546527e-06
09:15:05.776892,321.3,9.54030388e-06
09:15:06.346452,321.4,9.56853754e-06
09:15:06.916500,321.5,9.21076414e-06
09:15:07.482854,321.6,9.85925601e-06
09:15:08.056293,321.7,9.53015741e-06
09:15:08.623822,321.8,9.44413236e-06
09:15:09.191611,322.0,9.50633464e-06
09:15:09.758942,322.1,9.75646721e-06
09:15:10.320121,322.2,9.77499555e-06
09:15:10.886218,322.3,9.75470261e-06
09:15:11.458653,322.4,9.62676e-06
09:15:12.036194,322.5,9.58793668e-06
09:15:12.605998,322.7,9.92497579e-06
09:15:13.178184,322.8,9.75204473e-06
09:15:13.755947,322.9,9.76130889e-06
09:15:14.323609,322.9,9.81645272e-06
09:15:14.892119,323.0,1.0227161e-05
09:15:15.459402,323.1,9.93467819e-06
09:15:16.030812,323.2,1.01698115e-05
09:15:16.596203,323.3,1.03096562e-05
09:15:17.163257,323.5,1.01406955e-05
09:15:17.741169,323.6,1.01662891e-05
09:15:18.322299,323.7,1.04728906e-05
09:15:18.885708,323.8,1.02765785e-05
09:15:19.457898,323.9,1.05143588e-05
09:15:20.033357,324.0,1.04168645e-05
09:15:20.615570,324.1,1.04146587e-05
09:15:21.178152,324.3,1.03564315e-05
09:15:21.743112,324.4,1.04552493e-05
09:15:22.319067,324.5,1.04490732e-05
09:15:22.879677,324.6,1.07499381e-05
09:15:23.442120,324.6,1.04151046e-05
09:15:24.010771,324.7,1.06352362e-05
09:15:24.583706,324.8,1.04671566e-05
09:15:25.161652,324.9,1.06378819e-05
09:15:25.733986,325.1,1.1091385e-05
09:15:26.314496,325.2,1.06886143e-05
09:15:26.886127,325.3,1.08747799e-05
09:15:27.460741,325.4,1.12228516e-05
09:15:28.033069,325.5,1.08227277e-05
09:15:28.593307,325.6,1.11624139e-05
09:15:29.155857,325.7,1.08134636e-05
09:15:29.728974,325.9,1.09369858e-05
09:15:30.302826,326.0,1.08963918e-05
09:15:30.869638,326.1,1.11068186e-05
09:15:31.444250,326.2,1.10569686e-05
09:15:32.007671,326.3,1.12903373e-05
09:15:32.573005,326.4,1.10062363e-05
09:15:33.137449,326.5,1.11584333e-05
09:15:33.713009,326.5,1.14566453e-05
09:15:34.276328,326.6,1.13053307e-05
09:15:34.841532,326.7,1.13428285e-05
09:15:35.403406,326.9,1.14028249e-05
09:15:35.970759,327.0,1.16661918e-05
09:15:36.537131,327.1,1.16061926e-05
09:15:37.099585,327.2,1.16181024e-05
09:15:37.663491,327.3,1.16269254e-05
09:15:38.227490,327.4,1.11879807e-05
09:15:38.793093,327.5,1.17367719e-05
09:15:39.354673,327.6,1.16225139e-05
09:15:39.915993,327.8,1.16851542e-05
09:15:40.483233,327.9,1.1634863e-05
09:15:41.049675,328.0,1.22198285e-05
09:15:41.609674,328.1,1.19004356e-05
09:15:42.169304,328.1,1.22732077e-05
09:15:42.732088,328.2,1.18968962e-05
09:15:43.301410,328.3,1.18602763e-05
09:15:43.868035,328.4,1.21276132e-05
09:15:44.431253,328.5,1.18986564e-05
09:15:45.001600,328.7,1.20790867e-05
09:15:45.568207,328.8,1.22140787e-05
09:15:46.132131,328.9,1.20909857e-05
09:15:46.702264,329.0,1.21487763e-05
09:15:47.278003,329.1,1.23512641e-05
09:15:47.852285,329.2,1.22489174e-05
09:15:48.413134,329.3,1.23812623e-05
09:15:48.982032,329.4,1.17786421e-05
09:15:49.560463,329.6,1.23936022e-05
09:15:50.133464,329.7,1.25766793e-05
09:15:50.712004,329.8,1.25603568e-05
09:15:51.286696,329.9,1.25475634e-05
09:15:51.868193,329.9,1.25696209e-05
09:15:52.433096,330.0,1.26997499e-05
09:15:53.003646,330.1,1.24849101e-05
09:15:53.578845,330.2,1.24650584e-05
09:15:54.155982,330.3,1.27134255e-05
09:15:54.727322,330.5,1.29273829e-05
09:15:55.302179,330.6,1.27240089e-05
09:15:55.875673,330.7,1.2677246e-05
09:15:56.443279,330.8,1.27288604e-05
09:15:57.017867,330.9,1.29644341e-05
09:15:57.586917,331.0,1.29216427e-05
09:15:58.151973,331.1,1.24756408e-05
09:15:58.719158,331.2,1.30036856e-05
09:15:59.279381,331.3,1.28938395e-05
09:15:59.841721,331.4,1.31819098e-05
09:16:00.416870,331.6,1.25828294e-05
09:16:00.993663,331.7,1.27328201e-05
09:16:01.556277,331.8,1.31100004e-05
09:16:02.131649,331.9,1.30486798e-05
09:16:02.706526,331.9,1.30627966e-05
09:16:03.286822,332.0,1.34602718e-05
09:16:03.854424,332.1,1.27138478e-05
09:16:04.420083,332.2,1.33235157e-05
09:16:04.979537,332.3,1.32172075e-05
09:16:05.553122,332.5,1.316824e-05
09:16:06.127509,332.6,1.2937519e-05
09:16:06.724962,332.7,1.34439582e-05
09:16:07.286561,332.8,1.341396e-05
09:16:07.858272,332.9,1.33663144e-05
09:16:08.426283,333.0,1.34205754e-05
09:16:08.985895,333.1,1.34179285e-05
09:16:09.557237,333.2,1.36755596e-05
09:16:10.132349,333.3,1.33349925e-05
09:16:10.706541,333.5,1.33852835e-05
09:16:11.282454,333.6,1.35343828e-05
09:16:11.853950,333.7,1.36084959e-05
09:16:12.426024,333.8,1.35427647e-05
09:16:13.003253,333.9,1.37831908e-05
09:16:13.578632,334.0,1.37337822e-05
09:16:14.152776,334.0,1.36133377e-05
09:16:14.723762,334.1,1.37950862e-05
09:16:15.289017,334.2,1.36755349e-05
09:16:15.852073,334.3,1.37580297e-05
09:16:16.425062,334.5,1.3836113e-05
09:16:16.998596,334.6,1.37942039e-05
09:16:17.565072,334.7,1.39203713e-05
09:16:18.134505,334.8,1.39803675e-05
09:16:18.711138,334.9,1.39627216e-05
09:16:19.290074,335.0,1.42657907e-05
09:16:19.857427,335.1,1.35775989e-05
09:16:20.425957,335.2,1.3706407e-05
09:16:20.992631,335.3,1.42247533e-05
09:16:21.569711,335.5,1.40707925e-05
09:16:22.144925,335.6,1.38422776e-05
09:16:22.719030,335.7,1.39975619e-05
09:16:23.291088,335.8,1.41224069e-05
09:16:23.856779,335.9,1.41206332e-05
09:16:24.426134,335.9,1.40213748e-05
09:16:24.996832,336.0,1.41868054e-05
09:16:25.570626,336.1,1.4572369e-05
09:16:26.138100,336.2,1.44007623e-05
09:16:26.706116,336.3,1.43495863e-05
09:16:27.277030,336.4,1.43910531e-05
09:16:27.855466,336.6,1.46614769e-05
09:16:28.431743,336.7,1.47236788e-05
09:16:29.001588,336.8,1.46186856e-05
09:16:29.570989,336.9,1.45423669e-05
09:16:30.141181,337.0,1.46575155e-05
09:16:30.711729,337.1,1.46076658e-05
09:16:31.292165,337.2,1.4581638e-05
09:16:31.861714,337.3,1.45657567e-05
09:16:32.427976,337.4,1.45798734e-05
09:16:33.000967,337.5,1.45194428e-05
09:16:33.570912,337.7,1.47395776e-05
09:16:34.135147,337.8,1.47382542e-05
09:16:34.711955,337.9,1.48758925e-05
09:16:35.275215,337.9,1.48441298e-05
09:16:35.847126,338.0,1.50488227e-05
09:16:36.426467,338.1,1.49045736e-05
09:16:37.000947,338.2,1.47867869e-05
09:16:37.568441,338.3,1.48622234e-05
09:16:38.139420,338.4,1.50391239e-05
09:16:38.708154,338.5,1.5122501e-05
09:16:39.271009,338.7,1.52486617e-05
09:16:39.840213,338.8,1.50338191e-05
09:16:40.414125,338.9,1.48895636e-05
09:16:40.972824,339.0,1.52513053e-05
09:16:41.531431,339.1,1.54233532e-05
09:16:42.103473,339.2,1.52526287e-05
09:16:42.672741,339.3,1.49844054e-05
09:16:43.241607,339.4,1.50766054e-05
09:16:43.806714,339.5,1.51343958e-05
09:16:44.376952,339.5,1.54912848e-05
09:16:44.944901,339.6,1.52398303e-05
09:16:45.514829,339.8,1.53496728e-05
09:16:46.081968,339.9,1.56037733e-05
09:16:46.641001,340.0,1.54308432e-05
09:16:47.215913,340.1,1.53717293e-05
09:16:47.793036,340.2,1.55203963e-05
09:16:48.356945,340.3,1.57352355e-05
09:16:48.929803,340.4,1.53633433e-05
09:16:49.495993,340.5,1.5499217e-05
09:16:50.056946,340.6,1.56717059e-05
09:16:50.630003,340.7,1.5541126e-05
09:16:51.202272,340.9,1.5612592e-05
09:16:51.771177,341.0,1.58530152e-05
09:16:52.340051,341.1,1.57272868e-05
09:16:52.918868,341.2,1.59822704e-05
09:16:53.493943,341.3,1.60810876e-05
09:16:54.069833,341.3,1.58163987e-05
09:16:54.645594,341.4,1.5620529e-05
09:16:55.211018,341.5,1.59668282e-05
09:16:55.780109,341.6,1.57559594e-05
09:16:56.354160,341.7,1.61132893e-05
09:16:56.921995,341.8,1.60210894e-05
09:16:57.495361,342.0,1.58874215e-05
09:16:58.063904,342.1,1.5891838e-05
09:16:58.637034,342.2,1.65262113e-05
09:16:59.206346,342.3,1.60890334e-05
09:16:59.779775,342.4,1.60303607e-05
09:17:00.358155,342.5,1.60841808e-05
09:17:00.921868,342.6,1.63387233e-05
09:17:01.495668,342.7,1.63563717e-05
09:17:02.058254,342.8,1.61472675e-05
09:17:02.626504,342.9,1.6223145e-05
09:17:03.186736,343.1,1.61927057e-05
09:17:03.751936,343.2,1.66091496e-05
09:17:04.317640,343.2,1.63793181e-05
09:17:04.888107,343.3,1.64891669e-05
09:17:05.468979,343.4,1.63563812e-05
09:17:06.045260,343.5,1.65363698e-05
09:17:06.618810,343.6,1.66065124e-05
09:17:07.190387,343.7,1.64653449e-05
09:17:07.769929,343.8,1.65346121e-05
09:17:08.343487,343.9,1.64896149e-05
09:17:08.921397,344.0,1.64388829e-05
09:17:09.496240,344.1,1.65332886e-05
09:17:10.062435,344.3,1.68169471e-05
09:17:10.624195,344.4,1.68076822e-05
09:17:11.194780,344.5,1.66647497e-05
09:17:11.759780,344.6,1.70595776e-05
09:17:12.322916,344.7,1.70547249e-05
09:17:12.892593,344.8,1.69285565e-05
09:17:13.470109,344.9,1.68504732e-05
09:17:14.040748,345.0,1.72695728e-05
09:17:14.607341,345.1,1.69365056e-05
09:17:15.174977,345.1,1.72466331e-05
09:17:15.745812,345.2,1.75117634e-05
09:17:16.324095,345.3,1.75382324e-05
09:17:16.889456,345.4,1.70419397e-05
09:17:17.453648,345.6,1.73101578e-05
09:17:18.018106,345.7,1.72960411e-05
09:17:18.579284,345.8,1.71509032e-05
09:17:19.140532,345.9,1.71972238e-05
09:17:19.705733,346.0,1.73829473e-05
09:17:20.272233,346.1,1.75920493e-05
09:17:20.838862,346.2,1.74822033e-05
09:17:21.412606,346.3,1.7104139e-05
09:17:21.976409,346.4,1.79357041e-05
09:17:22.545938,346.5,1.76476341e-05
09:17:23.125753,346.6,1.78196639e-05
09:17:23.693172,346.7,1.74936508e-05
09:17:24.256240,346.8,1.76330536e-05
09:17:24.826584,346.9,1.74940919e-05
09:17:25.392997,346.9,1.73679235e-05
09:17:25.967415,347.1,1.78898019e-05
09:17:26.530392,347.2,1.79815634e-05
09:17:27.096203,347.3,1.76895233e-05
09:17:27.656899,347.4,1.75474736e-05
09:17:28.220459,347.5,1.77420199e-05
09:17:28.787186,347.6,1.77279032e-05
09:17:29.356967,347.7,1.78774365e-05
09:17:29.930101,347.8,1.78566956e-05
09:17:30.503193,347.9,1.8039772e-05
09:17:31.069568,348.0,1.80459481e-05
09:17:31.631811,348.1,1.81077088e-05
09:17:32.196792,348.2,1.79118391e-05
09:17:32.758855,348.3,1.83216598e-05
09:17:33.321490,348.5,1.7859778e-05
09:17:33.896167,348.6,1.84787084e-05
09:17:34.467354,348.7,1.80882926e-05
09:17:35.042304,348.7,1.84063601e-05
09:17:35.607374,348.8,1.82506364e-05
09:17:36.174507,348.9,1.86498757e-05
09:17:36.735435,349.0,1.82321088e-05
09:17:37.306363,349.1,1.86106136e-05
09:17:37.883523,349.2,1.81990227e-05
09:17:38.451753,349.3,1.8435919e-05
09:17:39.025092,349.4,1.81888837e-05
09:17:39.596771,349.5,1.81752081e-05
09:17:40.169893,349.6,1.86750287e-05
09:17:40.739627,349.7,1.87103206e-05
09:17:41.303328,349.8,1.86419426e-05
09:17:41.864183,349.9,1.86154666e-05
09:17:42.425632,350.1,1.87310442e-05
09:17:42.987404,350.2,1.8607964e-05
09:17:43.549741,350.3,1.88576536e-05
09:17:44.112415,350.4,1.84235642e-05
09:17:44.675016,350.4,1.85625257e-05
09:17:45.238783,350.5,1.91214204e-05
09:17:45.800252,350.6,1.9228178e-05
09:17:46.370817,350.7,1.88933473e-05
09:17:46.949796,350.8,1.91275964e-05
09:17:47.520091,350.9,1.87177707e-05
09:17:48.086678,351.0,1.89476129e-05
09:17:48.661733,351.1,1.88064477e-05
09:17:49.237595,351.2,1.90601074e-05
09:17:49.804929,351.3,1.93318541e-05
09:17:50.374237,351.4,1.87839492e-05
09:17:50.941729,351.5,1.90076108e-05
09:17:51.507291,351.7,1.92431682e-05
09:17:52.081708,351.8,1.93441909e-05
09:17:52.657594,351.9,1.91086184e-05
09:17:53.236188,352.0,1.91747905e-05
09:17:53.808712,352.1,1.9095384e-05
09:17:54.380891,352.2,1.94606495e-05
09:17:54.943741,352.2,1.93463907e-05
09:17:55.514232,352.3,1.939227e-05
09:17:56.095387,352.4,1.94540305e-05
09:17:56.660340,352.5,1.94116804e-05
09:17:57.230318,352.6,1.90869963e-05
09:17:57.802160,352.7,1.97517839e-05
09:17:58.369535,352.8,1.92700519e-05
09:17:58.930926,352.9,1.93622515e-05
09:17:59.505919,353.0,1.97120807e-05
09:18:00.076382,353.1,1.96000295e-05
09:18:00.657040,353.3,1.97910405e-05
09:18:01.230560,353.4,1.7507665e-05
09:18:01.804403,353.5,1.78049977e-05
09:18:02.375584,353.6,1.76686834e-05
09:18:02.947094,353.7,2.12216772e-05
09:18:03.524628,353.8,2.27709836e-05
09:18:04.098645,353.9,2.24043801e-05
09:18:04.665253,354.0,2.46449623e-05
09:18:05.232068,354.0,2.04298092e-05
09:18:05.797794,354.1,1.96489802e-05
09:18:06.363852,354.2,2.06287662e-05
09:18:06.937550,354.3,1.96630695e-05
09:18:07.505626,354.4,2.08859178e-05
09:18:08.074177,354.5,1.9899957e-05
09:18:08.642590,354.6,1.82910983e-05
09:18:09.213737,354.8,2.01717028e-05
09:18:09.779140,354.9,2.24224285e-05
09:18:10.345437,355.0,1.90732544e-05
09:18:10.913313,355.1,2.04505117e-05
09:18:11.481175,355.2,1.95558679e-05
09:18:12.047168,355.3,2.13328034e-05
09:18:12.615591,355.4,2.00433341e-05
09:18:13.184368,355.5,2.00102397e-05
09:18:13.751643,355.6,1.89938362e-05
09:18:14.326273,355.7,2.03693284e-05
09:18:14.891884,355.7,2.11964766e-05
09:18:15.465697,355.8,1.93701335e-05
09:18:16.044762,355.9,2.1043399e-05
09:18:16.614604,356.0,2.12705773e-05
09:18:17.195581,356.1,2.01633021e-05
09:18:17.762158,356.2,2.02475609e-05
09:18:18.333092,356.3,2.09529526e-05
09:18:18.910766,356.4,2.03860806e-05
09:18:19.485949,356.5,1.9934333e-05
09:18:20.053532,356.6,1.97243443e-05
09:18:20.615657,356.8,2.00375574e-05
09:18:21.180851,356.9,1.94124546e-05
09:18:21.747462,357.0,2.00115298e-05
09:18:22.314636,357.1,1.98760983e-05
09:18:22.875813,357.2,1.97195024e-05
09:18:23.447459,357.3,1.98178778e-05
09:18:24.027098,357.4,1.99431631e-05
09:18:24.598665,357.5,2.00159521e-05
09:18:25.173289,357.6,1.99008131e-05
09:18:25.751515,357.7,1.98597729e-05
09:18:26.330588,357.7,2.00626962e-05
09:18:26.907201,357.8,2.01566601e-05
09:18:27.481718,357.9,1.99043251e-05
09:18:28.049540,358.0,1.99753495e-05
09:18:28.622363,358.1,2.00843123e-05
09:18:29.190866,358.2,1.98434669e-05
09:18:29.750814,358.4,2.01099188e-05
09:18:30.312283,358.5,2.03750472e-05
09:18:30.881995,358.6,2.02312338e-05
09:18:31.453272,358.7,1.99753694e-05
09:18:32.026746,358.8,2.01672666e-05
09:18:32.596310,358.9,2.0278435e-05
09:18:33.156412,359.0,2.03190204e-05
09:18:33.719957,359.1,2.03401954e-05
09:18:34.279642,359.2,2.03675464e-05
09:18:34.854107,359.3,2.07354617e-05
09:18:35.421749,359.4,2.04010843e-05
09:18:35.986539,359.4,2.06454789e-05
09:18:36.550062,359.5,2.06000409e-05
09:18:37.113886,359.6,2.07465013e-05
09:18:37.677398,359.7,2.07240028e-05
09:18:38.249277,359.8,2.08792871e-05
09:18:38.815013,359.9,2.10853023e-05
09:18:39.377433,360.0,2.09613404e-05
09:18:39.946260,360.1,2.07557666e-05
09:18:40.523277,360.2,2.08082629e-05
09:18:41.091236,360.3,2.07134166e-05
09:18:41.650728,360.4,2.08850096e-05
09:18:42.220727,360.6,2.0792369e-05
09:18:42.791821,360.7,2.08611877e-05
09:18:43.362403,360.8,2.11854296e-05
09:18:43.931211,360.9,2.08479533e-05
09:18:44.505476,361.0,2.15418632e-05
09:18:45.086573,361.1,2.13481974e-05
09:18:45.656296,361.1,2.11540936e-05
09:18:46.229540,361.2,2.13459917e-05
09:18:46.796453,361.3,2.14668655e-05
09:18:47.358002,361.4,2.14161338e-05
09:18:47.923320,361.5,2.14227544e-05
09:18:48.495672,361.6,2.13658466e-05
09:18:49.060090,361.7,2.12577661e-05
09:18:49.623102,361.8,2.15903896e-05
09:18:50.191293,361.9,2.14584871e-05
09:18:50.757942,362.0,2.14695354e-05
09:18:51.332593,362.1,2.17276142e-05
09:18:51.900591,362.2,2.17355548e-05
09:18:52.463246,362.3,2.14885132e-05
09:18:53.023792,362.4,2.18630459e-05
09:18:53.595338,362.5,2.17518772e-05
09:18:54.167070,362.7,2.17633421e-05
09:18:54.736180,362.7,2.17880462e-05
09:18:55.311692,362.8,2.17456963e-05
09:18:55.883130,362.9,2.18171618e-05
09:18:56.447080,363.0,2.18180441e-05
09:18:57.011782,363.1,2.20725903e-05
09:18:57.582179,363.2,2.22706669e-05
09:18:58.150776,363.3,2.19402488e-05
09:18:58.716150,363.4,2.20690633e-05
09:18:59.289173,363.5,2.19945097e-05
09:18:59.866880,363.6,2.22296403e-05
09:19:00.441859,363.7,2.22362395e-05
09:19:01.016473,363.8,2.22860889e-05
09:19:01.590741,363.9,2.20249308e-05
09:19:02.154185,364.0,2.24581356e-05
09:19:02.728267,364.1,2.2225652e-05
09:19:03.299242,364.2,2.22847676e-05
09:19:03.868885,364.3,2.22296249e-05
09:19:04.430270,364.4,2.22878561e-05
09:19:04.999896,364.4,2.27497354e-05
09:19:05.566500,364.5,2.26615063e-05
09:19:06.137770,364.6,2.25918053e-05
09:19:06.717057,364.7,2.25675651e-05
09:19:07.288586,364.8,2.24263985e-05
09:19:07.860859,365.0,2.2545949e-05
09:19:08.434564,365.1,2.28013724e-05
09:19:09.006595,365.2,2.21947969e-05
09:19:09.566213,365.3,2.28763654e-05
09:19:10.132841,365.4,2.29601823e-05
09:19:10.701688,365.5,2.28273975e-05
09:19:11.273548,365.6,2.291695e-05
09:19:11.837787,365.7,2.31441401e-05
09:19:12.399920,365.8,2.28406318e-05
09:19:12.973214,365.9,2.29253354e-05
09:19:13.545992,366.0,2.28097552e-05
09:19:14.115670,366.1,2.30157703e-05
09:19:14.680339,366.2,2.28640161e-05
09:19:15.240950,366.2,2.30413567e-05
09:19:15.808410,366.3,2.29967851e-05
09:19:16.383859,366.4,2.33333722e-05
09:19:16.949810,366.5,2.32464665e-05
09:19:17.516554,366.6,2.31961759e-05
09:19:18.087080,366.7,2.33470477e-05
09:19:18.658773,366.8,2.33827805e-05
09:19:19.225819,366.9,2.35755503e-05
09:19:19.796466,367.0,2.34890858e-05
09:19:20.363846,367.1,2.33629182e-05
09:19:20.936063,367.2,2.32023413e-05
09:19:21.507606,367.3,2.3553493e-05
09:19:22.085037,367.4,2.3397326e-05
09:19:22.651095,367.5,2.35058473e-05
09:19:23.225153,367.6,2.41887402e-05
09:19:23.797166,367.7,2.34515864e-05
09:19:24.366816,367.8,2.35164348e-05
09:19:24.928892,367.9,2.37034804e-05
09:19:25.499977,368.0,2.34687733e-05
09:19:26.066957,368.0,2.39822661e-05
09:19:26.630733,368.1,2.35781772e-05
09:19:27.202425,368.2,2.36611125e-05
09:19:27.774600,368.3,2.34828899e-05
09:19:28.335729,368.4,2.37502153e-05
09:19:28.897519,368.5,2.39831362e-05
09:19:29.468900,368.6,2.39831362e-05
09:19:30.042061,368.7,2.37060972e-05
09:19:30.611732,368.8,2.41335666e-05
09:19:31.175571,368.9,2.38066782e-05
09:19:31.742366,369.0,2.4276066e-05
09:19:32.310235,369.1,2.39760874e-05
09:19:32.885652,369.2,2.38035997e-05
09:19:33.454292,369.3,2.3825657e-05
09:19:34.035074,369.4,2.46250117e-05
09:19:34.602415,369.5,2.4041827e-05
09:19:35.170975,369.6,2.42385816e-05
09:19:35.742225,369.7,2.42482868e-05
09:19:36.317852,369.8,2.41737333e-05
09:19:36.882714,369.8,2.36492117e-05
09:19:37.452343,369.9,2.43109295e-05
09:19:38.026132,370.1,2.44335551e-05
09:19:38.589926,370.2,2.41732796e-05
09:19:39.158493,370.3,2.4667362e-05
09:19:39.731237,370.4,2.36822851e-05
09:19:40.301115,370.5,2.44229676e-05
09:19:40.867606,370.6,2.42526807e-05
09:19:41.442033,370.7,2.44586931e-05
09:19:42.011620,370.8,2.47882284e-05
09:19:42.581949,370.9,2.41212173e-05
09:19:43.156587,371.0,2.51292334e-05
09:19:43.716932,371.1,2.43492892e-05
09:19:44.281997,371.2,2.4253983e-05
09:19:44.843340,371.3,2.47639463e-05
09:19:45.404115,371.4,2.44542627e-05
09:19:45.976010,371.5,2.40351753e-05
09:19:46.552849,371.6,2.45027886e-05
09:19:47.122083,371.6,2.42217852e-05
09:19:47.696194,371.7,2.43805998e-05
09:19:48.273318,371.8,2.43488374e-05
09:19:48.850980,371.9,2.43413379e-05
09:19:49.426764,372.0,2.46135243e-05
09:19:50.003009,372.1,2.29865823e-05
09:19:50.567918,372.2,2.43942457e-05
09:19:51.141758,372.3,2.46042305e-05
09:19:51.718900,372.4,2.6154853e-05
09:19:52.283130,372.5,2.53343244e-05
09:19:52.852824,372.6,2.68897996e-05
09:19:53.419565,372.7,2.49121518e-05
09:19:53.983193,372.8,2.45380625e-05
09:19:54.552659,372.9,2.34594643e-05
09:19:55.134302,373.0,2.42649941e-05
09:19:55.702935,373.1,2.6668349e-05
09:19:56.270477,373.2,2.6353813e-05
09:19:56.832302,373.3,2.68774237e-05
09:19:57.400240,373.4,2.42212951e-05
09:19:57.981949,373.5,2.28211037e-05
09:19:58.551628,373.5,2.30619684e-05
09:19:59.118855,373.6,2.43390805e-05
09:19:59.685890,373.7,2.44881827e-05
09:20:00.270792,373.8,1.91957768e-05
09:20:00.846703,373.9,2.46011145e-05
09:20:01.419833,374.0,2.43642201e-05
09:20:01.999533,374.1,2.51551914e-05
09:20:02.569440,374.2,2.34514932e-05
09:20:03.133961,374.3,2.53708872e-05
09:20:03.697694,374.4,2.48631307e-05
09:20:04.268865,374.6,2.43033194e-05
09:20:04.838692,374.7,2.48432793e-05
09:20:05.414258,374.8,1.43334717e-05
09:20:05.992742,374.9,2.43072725e-05
09:20:06.557419,374.9,2.44568159e-05
09:20:07.132157,375.1,2.46518013e-05
09:20:07.707491,375.1,2.46998859e-05
09:20:08.276432,375.2,2.47051796e-05
09:20:08.837217,375.3,2.45454857e-05
09:20:09.401721,375.4,2.48538203e-05
09:20:09.974763,375.4,2.62443034e-05
09:20:10.538284,375.5,2.37068482e-05
09:20:11.100878,375.6,2.47254476e-05
09:20:11.675730,375.7,2.53196674e-05
09:20:12.251731,375.9,2.48286718e-05
09:20:12.826301,376.0,2.46182458e-05
09:20:13.405445,376.1,2.47655876e-05
09:20:13.970728,376.2,2.43870869e-05
09:20:14.535351,376.3,2.48207305e-05
09:20:15.099266,376.4,2.46632424e-05
09:20:15.659749,376.5,2.50902778e-05
09:20:16.220304,376.6,2.4551642e-05
09:20:16.782802,376.7,2.47664787e-05
09:20:17.346298,376.8,2.47938296e-05
09:20:17.918939,376.9,2.4896616e-05
09:20:18.484657,377.0,2.53681952e-05
09:20:19.051938,377.1,2.54171608e-05
09:20:19.624909,377.1,2.73961288e-05
09:20:20.191432,377.2,2.51758555e-05
09:20:20.761553,377.3,2.43473887e-05
09:20:21.329278,377.4,2.52287927e-05
09:20:21.889400,377.5,2.34862348e-05
09:20:22.455981,377.6,2.3529908e-05
09:20:23.027836,377.7,2.58657577e-05
09:20:23.597332,377.8,2.46711437e-05
09:20:24.161021,377.9,2.3081266e-05
09:20:24.728972,378.0,3.64280435e-05
09:20:25.291160,378.1,2.07542514e-05
09:20:25.853755,378.2,2.52530249e-05
09:20:26.413390,378.3,2.52600832e-05
09:20:26.983493,378.4,2.35188928e-05
09:20:27.549554,378.5,2.51246524e-05
09:20:28.119482,378.6,2.52494633e-05
09:20:28.693330,378.7,2.53068118e-05
09:20:29.269335,378.8,2.57148684e-05
09:20:29.845773,378.8,2.57400135e-05
09:20:30.411650,378.9,2.53372506e-05
09:20:30.986457,379.0,2.54012032e-05
09:20:31.549712,379.1,2.53862011e-05
09:20:32.115906,379.2,2.54722238e-05
09:20:32.682627,379.3,2.60982045e-05
09:20:33.258182,379.4,2.53879657e-05
09:20:33.826346,379.5,2.58008747e-05
09:20:34.398145,379.6,2.57055708e-05
09:20:34.967547,379.7,2.5593962e-05
09:20:35.529276,379.8,2.56354293e-05
09:20:36.095271,379.9,2.57298336e-05
09:20:36.664514,380.0,2.58732048e-05
09:20:37.235861,380.1,2.60452561e-05
09:20:37.796437,380.2,2.58207174e-05
09:20:38.363125,380.3,2.57964546e-05
09:20:38.936476,380.4,2.59305617e-05
09:20:39.513673,380.5,2.56919039e-05
09:20:40.077818,380.5,2.57452821e-05
09:20:40.653234,380.6,2.58851194e-05
09:20:41.216088,380.7,2.59208519e-05
09:20:41.786130,380.8,2.58454167e-05
09:20:42.363117,380.9,2.56614605e-05
09:20:42.937156,381.0,2.61564217e-05
09:20:43.508395,381.1,2.59155686e-05
09:20:44.079783,381.2,2.63086306e-05
09:20:44.654241,381.3,2.64745001e-05
09:20:45.221696,381.4,2.60999704e-05
09:20:45.794646,381.5,2.5906309e-05
09:20:46.366855,381.6,2.59751272e-05
09:20:46.937743,381.7,2.61899317e-05
09:20:47.502764,381.8,2.61753741e-05
09:20:48.070110,381.9,2.66690116e-05
09:20:48.644828,382.0,2.62208117e-05
09:20:49.221809,382.1,2.61541993e-05
09:20:49.801350,382.2,2.63743284e-05
09:20:50.370367,382.3,2.71053001e-05
09:20:50.934739,382.4,2.64581452e-05
09:20:51.495743,382.4,2.65693129e-05
09:20:52.057292,382.5,2.6261396e-05
09:20:52.620431,382.6,2.61612568e-05
09:20:53.183625,382.7,2.67559016e-05
09:20:53.751846,382.8,2.67356091e-05
09:20:54.329937,382.9,2.66972298e-05
09:20:54.901576,383.0,2.63950479e-05
09:20:55.473176,383.1,2.70245568e-05
09:20:56.038883,383.2,2.66275299e-05
09:20:56.598881,383.3,2.67038476e-05
09:20:57.160194,383.4,2.67545789e-05
09:20:57.724950,383.5,2.69323589e-05
09:20:58.286623,383.6,2.6804869e-05
09:20:58.851151,383.6,2.66672329e-05
09:20:59.416336,383.8,2.66720774e-05
09:20:59.979861,383.9,2.70399893e-05
09:21:00.551031,383.9,2.68944127e-05
09:21:01.131798,384.0,2.70082272e-05
09:21:01.696561,384.0,2.6714427e-05
09:21:02.267548,384.1,2.70060131e-05
09:21:02.832214,384.2,2.69208693e-05
09:21:03.402992,384.3,2.68970476e-05
09:21:03.981851,384.4,2.67497064e-05
09:21:04.550734,384.5,2.68282296e-05
09:21:05.127215,384.6,2.70121855e-05
09:21:05.691750,384.7,2.68992405e-05
09:21:06.267300,384.8,2.72000988e-05
09:21:06.830150,384.9,2.68260111e-05
09:21:07.392310,385.0,2.73028847e-05
09:21:07.957111,385.1,2.70020264e-05
09:21:08.520576,385.2,2.73192075e-05
09:21:09.096083,385.3,2.71771602e-05
09:21:09.663594,385.4,2.71471627e-05
09:21:10.231706,385.5,2.69945278e-05
09:21:10.807933,385.6,2.70421711e-05
09:21:11.384928,385.7,2.69565897e-05
09:21:11.953877,385.8,2.72799568e-05
09:21:12.527427,385.8,2.7096442e-05
09:21:13.105405,385.9,2.72967201e-05
09:21:13.678519,386.0,2.71908462e-05
09:21:14.252822,386.1,2.74061232e-05
09:21:14.829676,386.2,2.73690628e-05
09:21:15.404306,386.3,2.77625596e-05
09:21:15.979550,386.4,2.73959713e-05
09:21:16.546407,386.5,2.73311235e-05
09:21:17.108217,386.6,2.72658346e-05
09:21:17.677633,386.7,2.74017061e-05
09:21:18.252547,386.8,2.73853846e-05
09:21:18.820628,386.9,2.73831789e-05
09:21:19.384193,387.0,2.72909804e-05
09:21:19.955497,387.1,2.76152191e-05
09:21:20.536064,387.2,2.74418506e-05
09:21:21.102300,387.3,2.74890608e-05
09:21:21.674350,387.4,2.75949382e-05
09:21:22.252407,387.5,2.78071272e-05
09:21:22.831663,387.6,2.77488966e-05
09:21:23.405803,387.7,2.77259572e-05
09:21:23.972883,387.8,2.75887623e-05
09:21:24.538029,387.8,2.78159415e-05
09:21:25.101040,387.9,2.78137358e-05
09:21:25.663654,388.0,2.75499334e-05
09:21:26.234036,388.1,2.78229998e-05
09:21:26.802153,388.2,2.77634457e-05
09:21:27.372754,388.3,2.76333141e-05
09:21:27.939498,388.4,2.77369835e-05
09:21:28.501065,388.5,2.77828622e-05
09:21:29.065205,388.6,2.78185947e-05
09:21:29.632534,388.7,2.77559526e-05
09:21:30.197629,388.8,2.78631499e-05
09:21:30.760408,388.9,2.78648882e-05
09:21:31.320579,389.0,2.792356e-05
09:21:31.885745,389.1,2.76222607e-05
09:21:32.462122,389.2,2.78851807e-05
09:21:33.033999,389.2,2.77621024e-05
09:21:33.613074,389.3,2.79191273e-05
09:21:34.180671,389.3,2.78485396e-05
09:21:34.753495,389.4,2.80735214e-05
09:21:35.319791,389.5,2.77528121e-05
09:21:35.882218,389.6,2.78547156e-05
09:21:36.450374,389.7,2.79742647e-05
09:21:37.023295,389.8,2.7848104e-05
09:21:37.601800,389.9,2.79769171e-05
09:21:38.176530,390.0,2.79976507e-05
09:21:38.757006,390.1,2.80373534e-05
09:21:39.328429,390.2,2.80069147e-05
09:21:39.905731,390.3,2.80007518e-05
09:21:40.479608,390.4,2.7863119e-05
09:21:41.046084,390.5,2.79681106e-05
09:21:41.607634,390.6,2.79641403e-05
09:21:42.167915,390.7,2.82350009e-05
09:21:42.730922,390.8,2.81419201e-05
09:21:43.301312,390.9,2.77806418e-05
09:21:43.881773,391.0,2.80215049e-05
09:21:44.458939,391.1,2.82350172e-05
09:21:45.036561,391.2,2.82508983e-05
09:21:45.605035,391.3,2.82120779e-05
09:21:46.173420,391.3,2.81917858e-05
09:21:46.742358,391.4,2.81035577e-05
09:21:47.309522,391.5,2.82557514e-05
09:21:47.872234,391.6,2.8020182e-05
09:21:48.439952,391.7,2.81622295e-05
09:21:49.004423,391.8,2.8273397e-05
09:21:49.570961,391.9,2.8567657e-05
09:21:50.146911,392.0,2.85275131e-05
09:21:50.709112,392.1,2.81406321e-05
09:21:51.273417,392.2,2.79597642e-05
09:21:51.845485,392.3,2.83889947e-05
09:21:52.411236,392.4,2.84291484e-05
09:21:52.986328,392.5,2.85151751e-05
09:21:53.550394,392.6,2.84706198e-05
09:21:54.115114,392.7,2.82076995e-05
09:21:54.679756,392.7,2.84684141e-05
09:21:55.256602,392.8,2.83788624e-05
09:21:55.824368,392.8,2.86175032e-05
09:21:56.396694,392.9,2.86951441e-05
09:21:56.971962,393.0,2.85010419e-05
09:21:57.541988,393.1,2.87030846e-05
09:21:58.111389,393.2,2.88579252e-05
09:21:58.673864,393.3,2.868279e-05
09:21:59.240462,393.4,2.84975097e-05
09:21:59.812741,393.5,2.8451631e-05
09:22:00.383945,393.6,2.86223527e-05
09:22:00.953497,393.7,2.86377926e-05
09:22:01.515061,393.8,2.8610883e-05
09:22:02.075639,393.9,2.8595001e-05
09:22:02.638927,394.0,2.88843897e-05
09:22:03.201994,394.1,2.8538535e-05
09:22:03.771691,394.2,2.86810236e-05
09:22:04.337956,394.3,2.84110451e-05
09:22:04.906142,394.4,2.86519135e-05
09:22:05.473931,394.5,2.88491059e-05
09:22:06.047421,394.6,2.86188301e-05
09:22:06.610675,394.6,2.87582308e-05
09:22:07.180368,394.7,2.87255863e-05
09:22:07.747102,394.8,2.86532392e-05
09:22:08.315542,394.9,2.87432251e-05
09:22:08.885082,395.0,2.87485188e-05
09:22:09.451981,395.1,2.85261836e-05
09:22:10.017125,395.2,2.87114629e-05
09:22:10.585848,395.3,2.89699717e-05
09:22:11.160879,395.4,2.87392618e-05
09:22:11.736346,395.5,2.87586738e-05
09:22:12.306361,395.6,2.86854444e-05
09:22:12.872773,395.6,2.87882303e-05
09:22:13.435974,395.7,2.91190864e-05
09:22:14.005194,395.8,2.87291174e-05
09:22:14.574689,395.9,2.87622105e-05
09:22:15.149584,396.0,2.89060226e-05
09:22:15.720137,396.1,2.89413139e-05
09:22:16.282690,396.2,2.89876338e-05
09:22:16.843349,396.3,2.89082283e-05
09:22:17.416308,396.4,2.88283738e-05
09:22:17.992183,396.5,2.89501268e-05
09:22:18.559035,396.5,2.87463195e-05
09:22:19.134499,396.6,2.91349651e-05
09:22:19.699477,396.7,2.88989544e-05
09:22:20.266883,396.8,2.9159669e-05
09:22:20.828529,396.9,2.95513983e-05
09:22:21.402106,397.0,2.88217506e-05
09:22:21.970594,397.1,2.91684876e-05
09:22:22.544580,397.2,2.88539539e-05
09:22:23.121927,397.3,2.86091204e-05
09:22:23.690255,397.4,2.90806971e-05
09:22:24.266558,397.4,2.8857037e-05
09:22:24.828730,397.5,2.93736135e-05
09:22:25.396676,397.6,2.91080464e-05
09:22:25.972247,397.7,2.9069226e-05
09:22:26.542159,397.8,2.90480512e-05
09:22:27.118838,397.9,2.92042263e-05
09:22:27.692029,398.0,2.93467149e-05
09:22:28.273612,398.1,2.93727423e-05
09:22:28.843618,398.2,2.92628981e-05
09:22:29.410482,398.3,2.91764344e-05
09:22:29.975311,398.4,2.93506834e-05
09:22:30.551115,398.4,2.92112819e-05
09:22:31.121679,398.5,2.91781963e-05
09:22:31.691935,398.6,2.94181772e-05
09:22:32.264527,398.7,2.91164365e-05
09:22:32.837013,398.8,2.93343604e-05
09:22:33.407178,398.9,2.94322905e-05
09:22:33.980312,399.0,2.91548126e-05
09:22:34.541644,399.1,2.92258363e-05
09:22:35.108535,399.2,2.93506793e-05
09:22:35.681924,399.3,2.95302239e-05
09:22:36.251769,399.3,2.91706912e-05
09:22:36.818338,399.4,2.9437581e-05
09:22:37.387870,399.5,2.95509543e-05
09:22:37.963376,399.6,2.92196572e-05
09:22:38.536007,399.7,2.94049366e-05
09:22:39.109014,399.8,2.91230473e-05
09:22:39.686034,399.9,2.97061985e-05
09:22:40.259810,400.0,2.957915e-05
09:22:40.824794,400.1,2.92434418e-05
09:22:41.396293,400.2,2.9328582e-05
09:22:41.964861,400.3,2.9281821e-05
09:22:42.535932,400.4,2.94419539e-05
09:22:43.107721,400.4,2.95107716e-05
09:22:43.668111,400.5,2.95063602e-05
09:22:44.231734,400.6,2.9392987e-05
09:22:44.803447,400.7,2.96303207e-05
09:22:45.371166,400.8,2.96951685e-05
09:22:45.944688,400.9,2.94873733e-05
09:22:46.509957,401.0,2.94009097e-05
09:22:47.082574,401.0,2.96757403e-05
09:22:47.656451,401.1,2.95928059e-05
09:22:48.225395,401.2,2.96360377e-05
09:22:48.791364,401.3,2.93801651e-05
09:22:49.356295,401.4,2.98786492e-05
09:22:49.917151,401.5,2.95447058e-05
09:22:50.484294,401.6,2.97361608e-05
09:22:51.046585,401.7,2.93858953e-05
09:22:51.616183,401.8,2.9667784e-05
09:22:52.184489,401.9,2.97824617e-05
09:22:52.751874,402.0,2.96435025e-05
09:22:53.324339,402.1,2.97379065e-05
09:22:53.896686,402.2,3.00330293e-05
09:22:54.468568,402.3,2.97683452e-05
09:22:55.040387,402.3,2.98539138e-05
09:22:55.607102,402.3,2.98799379e-05
09:22:56.175321,402.4,2.9820384e-05
09:22:56.756023,402.5,2.97868574e-05
09:22:57.326171,402.6,2.9688042e-05
09:22:57.888297,402.7,3.00449243e-05
09:22:58.448685,402.8,2.99694791e-05
09:22:59.015914,402.9,2.99897716e-05
09:22:59.576450,403.0,2.99831545e-05
09:23:00.138202,403.1,2.98516948e-05
09:23:00.712661,403.2,2.97846415e-05
09:23:01.275960,403.3,2.96858113e-05
09:23:01.842180,403.4,2.94484717e-05
09:23:02.406207,403.5,2.96024295e-05
09:23:02.968355,403.6,2.99518121e-05
09:23:03.531912,403.7,2.97290366e-05
09:23:04.106008,403.7,2.97585929e-05
09:23:04.668245,403.8,2.96769887e-05
09:23:05.227958,403.8,2.98900592e-05
09:23:05.792736,403.9,3.01498906e-05
09:23:06.355513,404.0,2.98353579e-05
09:23:06.923231,404.1,2.98366813e-05
09:23:07.488577,404.2,3.00837128e-05
09:23:08.062900,404.3,2.95808106e-05
09:23:08.638699,404.4,3.01291473e-05
09:23:09.216277,404.5,3.0106208e-05
09:23:09.781585,404.6,2.98715217e-05
09:23:10.348448,404.7,3.01057669e-05
09:23:10.924530,404.8,3.00448651e-05
09:23:11.504795,404.9,2.98560574e-05
09:23:12.078665,405.0,2.98163549e-05
09:23:12.656535,405.1,2.96857776e-05
09:23:13.232537,405.2,2.98992891e-05
09:23:13.807581,405.2,2.97431311e-05
09:23:14.374984,405.3,3.01803016e-05
09:23:14.943062,405.4,3.02504428e-05
09:23:15.525118,405.5,3.00925148e-05
09:23:16.089633,405.6,3.00192857e-05
09:23:16.654833,405.7,2.98141558e-05
09:23:17.226470,405.8,3.0308209e-05
09:23:17.793305,405.8,2.97148768e-05
09:23:18.356356,405.9,3.00302913e-05
09:23:18.917830,406.0,2.9810604e-05
09:23:19.492114,406.1,3.02371856e-05
09:23:20.053423,406.2,3.00439622e-05
09:23:20.621947,406.3,3.01511571e-05
09:23:21.184044,406.4,3.00311673e-05
09:23:21.756086,406.5,3.02640887e-05
09:23:22.321572,406.6,3.00960147e-05
09:23:22.893136,406.6,2.98322135e-05
09:23:23.459468,406.7,3.02433661e-05
09:23:24.026339,406.8,3.0366444e-05
09:23:24.591722,406.9,3.03046845e-05
09:23:25.155341,407.0,3.03329174e-05
09:23:25.720473,407.1,3.04273212e-05
09:23:26.281156,407.2,3.04568753e-05
09:23:26.849026,407.3,3.01886616e-05
09:23:27.409071,407.3,3.03298262e-05
09:23:27.970669,407.4,3.02490977e-05
09:23:28.531029,407.5,3.04105547e-05
09:23:29.093703,407.6,3.02080718e-05
09:23:29.666621,407.7,3.03787681e-05
09:23:30.236319,407.8,3.03077447e-05
09:23:30.807082,407.9,3.05891914e-05
09:23:31.382342,407.9,3.02618663e-05
09:23:31.947544,408.0,3.03796504e-05
09:23:32.507376,408.1,3.01515777e-05
09:23:33.076388,408.2,3.04180239e-05
09:23:33.655705,408.3,3.04550795e-05
09:23:34.227745,408.4,3.04030252e-05
09:23:34.791850,408.5,2.99477698e-05
09:23:35.359697,408.6,3.04991934e-05
09:23:35.926461,408.7,3.04237714e-05
09:23:36.499203,408.8,3.00558615e-05
09:23:37.064657,408.9,3.03377493e-05
09:23:37.636071,409.0,3.01692342e-05
09:23:38.216387,409.1,2.99632223e-05
09:23:38.776717,409.1,3.06293482e-05
09:23:39.336306,409.2,3.05975887e-05
09:23:39.909830,409.2,3.03439337e-05
09:23:40.489278,409.3,3.04542185e-05
09:23:41.067200,409.4,3.0433485e-05
09:23:41.641543,409.5,3.05411229e-05
09:23:42.210009,409.6,3.02619035e-05
09:23:42.776363,409.7,3.05027656e-05
09:23:43.341576,409.8,3.06395189e-05
09:23:43.901257,409.9,3.02649915e-05
09:23:44.473913,410.0,3.01758814e-05
09:23:45.049594,410.1,3.03951159e-05
09:23:45.625195,410.2,3.05737743e-05
09:23:46.199222,410.3,3.06359749e-05
09:23:46.772877,410.4,3.01891009e-05
09:23:47.331568,410.4,3.07330256e-05
09:23:47.891231,410.5,3.10594686e-05
09:23:48.451155,410.6,3.07211103e-05
09:23:49.009193,410.7,3.07047881e-05
09:23:49.575781,410.7,3.09147704e-05
09:23:50.136098,410.8,3.09178583e-05
09:23:50.711576,410.9,3.01105737e-05
09:23:51.274700,411.0,3.05053924e-05
09:23:51.840012,411.1,3.04021655e-05
09:23:52.416485,411.2,3.07599293e-05
09:23:52.984368,411.3,3.08146306e-05
09:23:53.544507,411.4,3.05450946e-05
09:23:54.108759,411.4,3.06121477e-05
09:23:54.676956,411.5,3.05530358e-05
09:23:55.246267,411.6,3.05892092e-05
09:23:55.807594,411.7,3.06977294e-05
09:23:56.375570,411.8,3.0867568e-05
09:23:56.955674,411.9,3.06787605e-05
09:23:57.522087,412.0,3.08463904e-05
09:23:58.091652,412.1,3.08225682e-05
09:23:58.653933,412.2,3.09037378e-05
09:23:59.221483,412.3,3.09624093e-05
09:23:59.792876,412.4,3.10457845e-05
09:24:00.368984,412.5,3.07030195e-05
09:24:00.945839,412.5,3.08128627e-05
09:24:01.525615,412.6,3.07634552e-05
09:24:02.090556,412.6,3.10369614e-05
09:24:02.664841,412.7,3.06959609e-05
09:24:03.231528,412.8,3.07453685e-05
09:24:03.804632,412.9,3.0774062e-05
09:24:04.376552,413.0,3.10488968e-05
09:24:04.956264,413.1,3.0714072e-05
09:24:05.523287,413.2,3.08658239e-05
09:24:06.087321,413.3,3.05632023e-05
09:24:06.653598,413.4,3.08821461e-05
09:24:07.226818,413.5,3.08424946e-05
09:24:07.789263,413.5,3.09836593e-05
09:24:08.350727,413.6,3.08138205e-05
09:24:08.917711,413.7,3.11102665e-05
09:24:09.478768,413.8,3.05328143e-05
09:24:10.041904,413.9,3.08491262e-05
09:24:10.615100,414.0,3.09938264e-05
09:24:11.178645,414.1,3.09616232e-05
09:24:11.750658,414.2,3.12355712e-05
09:24:12.320224,414.3,3.07516404e-05
09:24:12.891874,414.4,3.1052498e-05
09:24:13.471824,414.5,3.09775554e-05
09:24:14.041998,414.5,3.06511113e-05
09:24:14.610725,414.5,3.08641822e-05
09:24:15.176950,414.6,3.07512502e-05
09:24:15.744048,414.7,3.11306312e-05
09:24:16.325232,414.8,3.06595216e-05
09:24:16.895232,414.9,3.06401185e-05
09:24:17.471204,415.0,3.09608281e-05
09:24:18.042724,415.1,3.10565558e-05
09:24:18.611927,415.2,3.1113463e-05
09:24:19.178144,415.3,3.06432065e-05
09:24:19.740378,415.3,3.11090548e-05
09:24:20.310709,415.4,3.07865806e-05
09:24:20.877039,415.5,3.07574653e-05
09:24:21.441073,415.6,3.11509632e-05
09:24:22.017527,415.7,3.09484794e-05
09:24:22.586726,415.8,3.10499297e-05
09:24:23.159698,415.9,3.10049303e-05
09:24:23.726563,416.0,3.10036069e-05
09:24:24.287704,416.1,3.09912549e-05
09:24:24.853084,416.2,3.06758391e-05
09:24:25.426253,416.3,3.07843598e-05
09:24:25.992179,416.3,3.07415566e-05
09:24:26.561549,416.3,3.11134383e-05
09:24:27.142927,416.4,3.10159462e-05
09:24:27.711362,416.5,3.10953516e-05
09:24:28.285160,416.6,3.08297848e-05
09:24:28.865941,416.7,3.12224082e-05
09:24:29.435719,416.8,3.08364118e-05
09:24:29.996003,416.9,3.09414034e-05
09:24:30.566834,417.0,3.11010964e-05
09:24:31.138541,417.1,3.12519666e-05
09:24:31.703705,417.2,3.12202045e-05
09:24:32.271870,417.2,3.11694708e-05
09:24:32.841553,417.3,3.12034387e-05
09:24:33.406013,417.4,3.09440478e-05
09:24:33.973642,417.5,3.08796412e-05
09:24:34.546325,417.6,3.11275624e-05
09:24:35.110642,417.7,3.07817365e-05
09:24:35.676117,417.8,3.12775916e-05
09:24:36.246040,417.9,3.10865774e-05
09:24:36.818028,418.0,3.06176441e-05
09:24:37.381965,418.0,3.11523074e-05
09:24:37.953366,418.1,3.07213123e-05
09:24:38.527247,418.1,3.07716572e-05
09:24:39.094568,418.2,3.1407784e-05
09:24:39.659064,418.3,3.21524317e-05
09:24:40.229152,418.4,3.02943415e-05
09:24:40.800993,418.5,3.08898833e-05
09:24:41.369164,418.6,3.08100572e-05
09:24:41.944038,418.7,3.08215333e-05
09:24:42.522542,418.8,2.99476304e-05
09:24:43.091919,418.9,3.06256661e-05
09:24:43.672981,419.0,3.06847792e-05
09:24:44.246308,419.0,3.08232979e-05
09:24:44.816262,419.1,3.11934427e-05
09:24:45.387420,419.2,3.11215364e-05
09:24:45.967383,419.3,3.1092421e-05
09:24:46.529696,419.4,3.12926997e-05
09:24:47.102586,419.5,3.10972736e-05
09:24:47.671755,419.6,3.12089129e-05
09:24:48.236128,419.7,3.10382035e-05
09:24:48.802116,419.8,3.09354172e-05
09:24:49.372446,419.8,3.11180504e-05
09:24:49.942077,419.8,3.11820162e-05
09:24:50.509870,419.9,3.11789282e-05
09:24:51.078143,420.0,3.12116009e-05
09:24:51.646126,420.1,3.11361654e-05
09:24:52.213301,420.2,3.10986682e-05
09:24:52.780178,420.3,3.10973448e-05
09:24:53.347105,420.4,3.08414816e-05
09:24:53.913778,420.5,3.13285094e-05
09:24:54.479272,420.6,3.1445856e-05
09:24:55.042028,420.6,3.11802876e-05
09:24:55.603749,420.7,3.12486648e-05
09:24:56.171149,420.8,3.11370555e-05
09:24:56.738295,420.9,3.13664501e-05
09:24:57.297108,421.0,3.10307303e-05
09:24:57.864928,421.1,3.07938363e-05
09:24:58.434316,421.2,3.11966002e-05
09:24:59.003550,421.3,3.14665799e-05
09:24:59.576352,421.4,3.13435009e-05
09:25:00.138452,421.4,3.11851142e-05
09:25:00.700627,421.5,3.09168922e-05
09:25:01.261110,421.6,3.105497e-05
09:25:01.826304,421.6,3.12711301e-05
09:25:02.395135,421.7,3.10205608e-05
09:25:02.969040,421.8,3.0826899e-05
09:25:03.531962,421.9,3.12446879e-05
09:25:04.106176,422.0,3.14652597e-05
09:25:04.676065,422.1,3.11480775e-05
09:25:05.247887,422.1,3.0986619e-05
09:25:05.815026,422.2,3.12186605e-05
09:25:06.387040,422.3,3.11260265e-05
09:25:06.956413,422.4,3.16209922e-05
09:25:07.533212,422.5,3.1291458e-05
09:25:08.100811,422.6,3.10589753e-05
09:25:08.661060,422.7,3.11652909e-05
09:25:09.231549,422.8,3.12226396e-05
09:25:09.808169,422.8,3.10846055e-05
09:25:10.380678,422.9,3.12460642e-05
09:25:10.953019,423.0,3.15755987e-05
09:25:11.522436,423.1,3.1049314e-05
09:25:12.086865,423.2,3.1217831e-05
09:25:12.652018,423.3,3.13316706e-05
09:25:13.219467,423.4,3.11755159e-05
09:25:13.790098,423.5,3.1145518e-05
09:25:14.369389,423.6,3.13391804e-05
09:25:14.940261,423.6,3.10343497e-05
09:25:15.516409,423.6,3.12906545e-05
09:25:16.096491,423.7,3.11181989e-05
09:25:16.669313,423.8,3.10343814e-05
09:25:17.242704,423.9,3.14353819e-05
09:25:17.821183,424.0,3.15227286e-05
09:25:18.385917,424.1,3.13484764e-05
09:25:18.947647,424.2,3.11036543e-05
09:25:19.521752,424.3,3.11830661e-05
09:25:20.092267,424.3,3.14605463e-05
09:25:20.653570,424.4,3.08654417e-05
09:25:21.225918,424.5,3.13436429e-05
09:25:21.801738,424.6,3.09457301e-05
09:25:22.375244,424.7,3.13529443e-05
09:25:22.944498,424.8,3.14526431e-05
09:25:23.517640,424.9,3.12594215e-05
09:25:24.090522,425.0,3.14570546e-05
09:25:24.664833,425.0,3.15510185e-05
09:25:25.243469,425.1,3.10604677e-05
09:25:25.811954,425.2,3.15316117e-05
09:25:26.376113,425.3,3.13613296e-05
09:25:26.945982,425.4,3.1456617e-05
09:25:27.513410,425.5,3.15982246e-05
09:25:28.081494,425.6,3.16979235e-05
09:25:28.642128,425.6,3.15505542e-05
09:25:29.214495,425.7,3.12801323e-05
09:25:29.791066,425.7,3.12774854e-05
09:25:30.361373,425.8,3.12364589e-05
09:25:30.931030,425.9,3.12801323e-05
09:25:31.502029,426.0,3.13829217e-05
09:25:32.072033,426.1,3.12841063e-05
09:25:32.652841,426.2,3.13414551e-05
09:25:33.228453,426.3,3.1398804e-05
09:25:33.793550,426.4,3.12055824e-05
09:25:34.360906,426.4,3.13052812e-05
09:25:34.928703,426.5,3.13961591e-05
09:25:35.493195,426.6,3.1404982e-05
09:25:36.064171,426.7,3.14543903e-05
09:25:36.629910,426.8,3.11579407e-05
09:25:37.203672,426.9,3.168158e-05
09:25:37.780550,427.0,3.15077709e-05
09:25:38.343122,427.1,3.15214469e-05
09:25:38.912173,427.1,3.14605689e-05
09:25:39.481362,427.2,3.17711351e-05
09:25:40.056510,427.3,3.12483781e-05
09:25:40.631258,427.4,3.14093961e-05
09:25:41.189922,427.5,3.17287841e-05
09:25:41.756518,427.5,3.15924702e-05
09:25:42.326514,427.6,3.16057046e-05
09:25:42.894084,427.7,3.12055859e-05
09:25:43.476216,427.7,3.14879188e-05
09:25:44.045251,427.8,3.12708567e-05
09:25:44.623195,427.9,3.14353992e-05
09:25:45.190924,428.0,3.16299441e-05
09:25:45.750355,428.1,3.1659942e-05
09:25:46.315213,428.2,3.1355552e-05
09:25:46.885346,428.3,3.1556714e-05
09:25:47.465642,428.4,3.19356682e-05
09:25:48.028178,428.5,3.14751128e-05
09:25:48.595636,428.5,3.19083172e-05
09:25:49.165192,428.6,3.16970088e-05
09:25:49.736381,428.7,3.13745318e-05
09:25:50.306780,428.8,3.147159e-05
09:25:50.884507,428.9,3.16679012e-05
09:25:51.449921,429.0,3.14592395e-05
09:25:52.017716,429.1,3.17314261e-05
09:25:52.587680,429.1,3.18355363e-05
09:25:53.150400,429.1,3.14354177e-05
09:25:53.713165,429.2,3.12351146e-05
09:25:54.278505,429.3,3.1361282e-05
09:25:54.852110,429.4,3.15937653e-05
09:25:55.418552,429.5,3.18103675e-05
09:25:55.979540,429.6,3.15677378e-05
09:25:56.548232,429.7,3.15981617e-05
09:25:57.115704,429.8,3.13992016e-05
09:25:57.686731,429.8,3.1802849e-05
09:25:58.255604,429.9,3.18363759e-05
09:25:58.828786,430.0,3.17649105e-05
09:25:59.403504,430.1,3.16577124e-05
09:25:59.976451,430.2,3.18990137e-05
09:26:00.552129,430.3,3.16899112e-05
09:26:01.131756,430.4,3.20613549e-05
09:26:01.693832,430.4,3.15465392e-05
09:26:02.256208,430.5,3.16815294e-05
09:26:02.827333,430.6,3.16766814e-05
09:26:03.398311,430.7,3.1784763e-05
09:26:03.966156,430.8,3.17057981e-05
09:26:04.541758,430.9,3.18557873e-05
09:26:05.111435,431.0,3.16546253e-05
09:26:05.686014,431.0,3.18500524e-05
09:26:06.248154,431.1,3.16753384e-05
09:26:06.821790,431.1,3.16603395e-05
09:26:07.390881,431.2,3.12888959e-05
09:26:07.958568,431.3,3.15654935e-05
09:26:08.520260,431.4,3.1802388e-05
09:26:09.093965,431.5,3.14697642e-05
09:26:09.657698,431.6,3.18310612e-05
09:26:10.226697,431.6,3.1857971e-05
09:26:10.791691,431.7,3.14693228e-05
09:26:11.352867,431.8,3.1494468e-05
